{"actions":[],"apps":[{"acl":{"app":[],"field":[],"record":[]},"app":null,"category":{"categories":[],"useCategory":"false"},"form":{"layout":"[{\"id\":null,\"type\":\"ROW\",\"isSubTable\":false,\"var\":null,\"label\":null,\"controlList\":[{\"isVirtical\":true,\"styleMap\":{},\"canvasData\":[{\"id\":null,\"type\":\"ROW\",\"isSubTable\":false,\"var\":null,\"label\":null,\"controlList\":[{\"isVirtical\":true,\"styleMap\":{\"width\":248},\"type\":\"SINGLE_LINE_TEXT\",\"var\":\"companyOpenCode\",\"label\":\"企业OpenCode\"},{\"isVirtical\":true,\"styleMap\":{\"width\":193},\"type\":\"SINGLE_LINE_TEXT\",\"var\":\"name\",\"label\":\"企业名\"}]}],\"type\":\"GROUP\",\"var\":\"组合_1\",\"label\":\"企业信息\"}]},{\"id\":null,\"type\":\"ROW\",\"isSubTable\":false,\"var\":null,\"label\":null,\"controlList\":[{\"isVirtical\":true,\"styleMap\":{},\"canvasData\":[{\"id\":null,\"type\":\"ROW\",\"isSubTable\":false,\"var\":null,\"label\":null,\"controlList\":[{\"isVirtical\":true,\"styleMap\":{\"width\":193},\"type\":\"SINGLE_LINE_TEXT\",\"var\":\"username\",\"label\":\"企业用户名\"},{\"isVirtical\":true,\"styleMap\":{\"width\":193},\"type\":\"SINGLE_LINE_TEXT\",\"var\":\"personOpenCode\",\"label\":\"企业用户OpenCode\"}]},{\"id\":null,\"type\":\"ROW\",\"isSubTable\":false,\"var\":null,\"label\":null,\"controlList\":[{\"isVirtical\":true,\"styleMap\":{\"width\":193},\"type\":\"SINGLE_LINE_TEXT\",\"var\":\"mobile\",\"label\":\"手机\"},{\"isVirtical\":true,\"styleMap\":{\"width\":193},\"type\":\"SINGLE_LINE_TEXT\",\"var\":\"email\",\"label\":\"email\"}]}],\"type\":\"GROUP\",\"var\":\"组合_0\",\"label\":\"企业代理人信息\"}]},{\"id\":null,\"type\":\"ROW\",\"isSubTable\":false,\"var\":null,\"label\":null,\"controlList\":[{\"isVirtical\":true,\"styleMap\":{},\"canvasData\":[{\"id\":null,\"type\":\"ROW\",\"isSubTable\":false,\"var\":null,\"label\":null,\"controlList\":[{\"isVirtical\":true,\"styleMap\":{\"width\":193},\"type\":\"SINGLE_LINE_TEXT\",\"var\":\"url\",\"label\":\"认证url\"},{\"isVirtical\":true,\"styleMap\":{\"width\":193},\"type\":\"SINGLE_LINE_TEXT\",\"var\":\"refCode\",\"label\":\"refCode\"}]},{\"id\":null,\"type\":\"ROW\",\"isSubTable\":false,\"var\":null,\"label\":null,\"controlList\":[{\"isVirtical\":true,\"styleMap\":{\"width\":193},\"type\":\"SINGLE_LINE_TEXT\",\"var\":\"certType\",\"label\":\"认证类型\"}]},{\"id\":null,\"type\":\"ROW\",\"isSubTable\":false,\"var\":null,\"label\":null,\"controlList\":[{\"isVirtical\":true,\"styleMap\":{\"width\":193},\"type\":\"SINGLE_LINE_TEXT\",\"var\":\"personBindOpenCodeSuccess\",\"label\":\"个人认证绑定结果\"},{\"isVirtical\":true,\"styleMap\":{\"width\":193},\"type\":\"SINGLE_LINE_TEXT\",\"var\":\"personCertStatus\",\"label\":\"个人认证状态\"}]},{\"id\":null,\"type\":\"ROW\",\"isSubTable\":false,\"var\":null,\"label\":null,\"controlList\":[{\"isVirtical\":true,\"styleMap\":{\"width\":193},\"type\":\"SINGLE_LINE_TEXT\",\"var\":\"companyBindOpenCodeSuccess\",\"label\":\"企业账号绑定结果\"},{\"isVirtical\":true,\"styleMap\":{\"width\":193},\"type\":\"SINGLE_LINE_TEXT\",\"var\":\"companyCertStatus\",\"label\":\"企业认证状态\"}]}],\"type\":\"GROUP\",\"var\":\"组合\",\"label\":\"电子牵认证信息\"}]}]","revision":null},"iconMeta":null,"info":{"automaticallyChooseTitleComponent":"true","code":null,"decimalPrecision":"16","decimalScale":"4","description":"\u003Cdiv\u003E\u003Cbr /\u003E\u003C/div\u003E","enableBulkDeletion":"false","enableRecordReuse":"true","fiscalYearStartMonth":"4","iconKey":"APP39","iconType":"PRESET","jsFiles":null,"jsScope":"ALL","name":"企业管理","roundingMode":"HALF_EVEN","theme":"PLAIN","titleComponentLocalId":null,"useComment":"true","useHistory":"true","useThumbnail":"true"},"jsFiles":[{"jsFileMetas":[{"internalName":null,"locationType":"URL","mime":null,"name":null,"url":"https://cdn.jsdelivr.net/npm/jquery@3.5.1/dist/jquery.slim.min.js"},{"internalName":null,"locationType":"URL","mime":null,"name":null,"url":"https://cdn.jsdelivr.net/npm/popper.js@1.16.0/dist/umd/popper.min.js"},{"internalName":null,"locationType":"URL","mime":null,"name":null,"url":"https://cdn.jsdelivr.net/npm/bootstrap@4.5.0/dist/js/bootstrap.min.js"},{"internalName":null,"locationType":"BLOB","mime":"text/javascript","name":"getEntCertUrl.js","url":null}],"jsType":"DESKTOP"},{"jsFileMetas":[{"internalName":null,"locationType":"URL","mime":null,"name":null,"url":"https://cdn.jsdelivr.net/npm/bootstrap@4.5.0/dist/css/bootstrap.min.css"}],"jsType":"DESKTOP_CSS"}],"notification":{"appNotifications":[{"events":["RECORD_COMMENT_ADDED"],"target":{"entityId":"5681376","entityType":"FIELD_ENTITY","includeSubs":"false"}},{"events":["RECORD_COMMENT_ADDED"],"target":{"entityId":"5681377","entityType":"FIELD_ENTITY","includeSubs":"false"}}],"recordNotifications":[],"reminderTimezone":null,"reminders":[],"useComment":"true","useReminder":"false"},"plugin":{"pluginIds":[]},"reports":[],"resource":{"tables":[{"rows":[{"fields":[],"objectId":"0","subObjectId":"-1"}],"type":"AppName"},{"rows":[{"fields":[],"objectId":"0","subObjectId":"-1"}],"type":"AppDescription"},{"rows":[{"fields":[],"objectId":"5681375","subObjectId":"-1"},{"fields":[],"objectId":"5681376","subObjectId":"-1"},{"fields":[],"objectId":"5681377","subObjectId":"-1"},{"fields":[],"objectId":"5681378","subObjectId":"-1"},{"fields":[],"objectId":"5681379","subObjectId":"-1"},{"fields":[],"objectId":"5681380","subObjectId":"-1"},{"fields":[],"objectId":"5681381","subObjectId":"-1"},{"fields":[],"objectId":"5681382","subObjectId":"-1"},{"fields":[],"objectId":"5681383","subObjectId":"-1"},{"fields":[],"objectId":"5681384","subObjectId":"-1"},{"fields":[],"objectId":"5681421","subObjectId":"-1"},{"fields":[],"objectId":"5681423","subObjectId":"-1"},{"fields":[],"objectId":"5681424","subObjectId":"-1"},{"fields":[],"objectId":"5681570","subObjectId":"-1"},{"fields":[],"objectId":"5681576","subObjectId":"-1"},{"fields":[],"objectId":"5681577","subObjectId":"-1"},{"fields":[],"objectId":"5681578","subObjectId":"-1"},{"fields":[],"objectId":"5681579","subObjectId":"-1"},{"fields":[],"objectId":"5681580","subObjectId":"-1"},{"fields":[],"objectId":"5681581","subObjectId":"-1"},{"fields":[],"objectId":"5681676","subObjectId":"-1"}],"type":"FieldLabel"},{"rows":[{"fields":[],"objectId":"20","subObjectId":"-1"}],"type":"ViewName"}]},"schema":{"groups":[{"childLocalId":"5681423","vtComponentLocalId":"5681438"},{"childLocalId":"5681424","vtComponentLocalId":"5681438"},{"childLocalId":"5681577","vtComponentLocalId":"5681438"},{"childLocalId":"5681578","vtComponentLocalId":"5681438"},{"childLocalId":"5681579","vtComponentLocalId":"5681438"},{"childLocalId":"5681580","vtComponentLocalId":"5681438"},{"childLocalId":"5681581","vtComponentLocalId":"5681438"},{"childLocalId":"5681383","vtComponentLocalId":"5681707"},{"childLocalId":"5681576","vtComponentLocalId":"5681707"},{"childLocalId":"5681384","vtComponentLocalId":"5681708"},{"childLocalId":"5681421","vtComponentLocalId":"5681708"},{"childLocalId":"5681570","vtComponentLocalId":"5681708"},{"childLocalId":"5681676","vtComponentLocalId":"5681708"}],"revision":null,"subTable":{},"table":{"fieldList":{"5681375":{"id":"5681375","label":"记录编号","properties":{"noLabel":"false","required":"true"},"type":"RECORD_ID","var":"recordId"},"5681376":{"id":"5681376","label":"更新人","properties":{"noLabel":"false","required":"true"},"type":"MODIFIER","var":"更新人"},"5681377":{"id":"5681377","label":"创建人","properties":{"noLabel":"false","required":"true"},"type":"CREATOR","var":"创建人"},"5681378":{"id":"5681378","label":"更新时间","properties":{"noLabel":"false","required":"true"},"type":"MODIFIED_AT","var":"更新时间"},"5681379":{"id":"5681379","label":"创建时间","properties":{"noLabel":"false","required":"true"},"type":"CREATED_AT","var":"创建时间"},"5681380":{"id":"5681380","label":"状态","properties":{"noLabel":"false","required":"false"},"type":"STATUS","var":"状态"},"5681381":{"id":"5681381","label":"执行者","properties":{"noLabel":"false","required":"false"},"type":"STATUS_ASSIGNEE","var":"执行者"},"5681382":{"id":"5681382","label":"类别","properties":{"noLabel":"false","required":"false"},"type":"CATEGORY","var":"类别"},"5681383":{"id":"5681383","label":"企业名","properties":{"defaultValue":"","expression":"","hideExpression":"false","max":null,"min":null,"noLabel":"false","required":"true","unique":"false"},"type":"SINGLE_LINE_TEXT","var":"name"},"5681384":{"id":"5681384","label":"企业用户OpenCode","properties":{"defaultValue":"","expression":"","hideExpression":"false","max":"64","min":null,"noLabel":"false","required":"true","unique":"true"},"type":"SINGLE_LINE_TEXT","var":"personOpenCode"},"5681421":{"id":"5681421","label":"手机","properties":{"defaultValue":"","expression":"","hideExpression":"false","max":null,"min":null,"noLabel":"false","required":"true","unique":"false"},"type":"SINGLE_LINE_TEXT","var":"mobile"},"5681423":{"id":"5681423","label":"认证url","properties":{"defaultValue":"","expression":"","hideExpression":"false","max":null,"min":null,"noLabel":"false","required":"false","unique":"false"},"type":"SINGLE_LINE_TEXT","var":"url"},"5681424":{"id":"5681424","label":"refCode","properties":{"defaultValue":"","expression":"","hideExpression":"false","max":"64","min":null,"noLabel":"false","required":"false","unique":"true"},"type":"SINGLE_LINE_TEXT","var":"refCode"},"5681438":{"id":"5681438","label":"电子牵认证信息","properties":{"noLabel":"false","open":"false","required":"false"},"type":"GROUP","var":"组合"},"5681570":{"id":"5681570","label":"email","properties":{"defaultValue":"","expression":"","hideExpression":"false","max":null,"min":null,"noLabel":"false","required":"true","unique":"false"},"type":"SINGLE_LINE_TEXT","var":"email"},"5681576":{"id":"5681576","label":"企业OpenCode","properties":{"defaultValue":"","expression":"","hideExpression":"false","max":"64","min":null,"noLabel":"false","required":"true","unique":"true"},"type":"SINGLE_LINE_TEXT","var":"companyOpenCode"},"5681577":{"id":"5681577","label":"认证类型","properties":{"defaultValue":"","expression":"","hideExpression":"false","max":null,"min":null,"noLabel":"false","required":"false","unique":"false"},"type":"SINGLE_LINE_TEXT","var":"certType"},"5681578":{"id":"5681578","label":"个人认证绑定结果","properties":{"defaultValue":"","expression":"","hideExpression":"false","max":null,"min":null,"noLabel":"false","required":"false","unique":"false"},"type":"SINGLE_LINE_TEXT","var":"personBindOpenCodeSuccess"},"5681579":{"id":"5681579","label":"个人认证状态","properties":{"defaultValue":"","expression":"","hideExpression":"false","max":null,"min":null,"noLabel":"false","required":"false","unique":"false"},"type":"SINGLE_LINE_TEXT","var":"personCertStatus"},"5681580":{"id":"5681580","label":"企业账号绑定结果","properties":{"defaultValue":"","expression":"","hideExpression":"false","max":null,"min":null,"noLabel":"false","required":"false","unique":"false"},"type":"SINGLE_LINE_TEXT","var":"companyBindOpenCodeSuccess"},"5681581":{"id":"5681581","label":"企业认证状态","properties":{"defaultValue":"","expression":"","hideExpression":"false","max":null,"min":null,"noLabel":"false","required":"false","unique":"false"},"type":"SINGLE_LINE_TEXT","var":"companyCertStatus"},"5681676":{"id":"5681676","label":"企业用户名","properties":{"defaultValue":"","expression":"","hideExpression":"false","max":null,"min":null,"noLabel":"false","required":"true","unique":"false"},"type":"SINGLE_LINE_TEXT","var":"username"},"5681707":{"id":"5681707","label":"企业信息","properties":{"noLabel":"false","open":"true","required":"false"},"type":"GROUP","var":"组合_1"},"5681708":{"id":"5681708","label":"企业代理人信息","properties":{"noLabel":"false","open":"true","required":"false"},"type":"GROUP","var":"组合_0"}},"id":"1","label":"__ROOT__","properties":{"noLabel":"true"},"type":"TABLE","var":"__ROOT__"}},"status":{"actions":[],"filters":[],"initialStateId":null,"states":[],"useStatus":"false"},"uuid":"0dccc3d1-21bb-447f-98ee-101eb7b12477","views":[{"advancedMode":null,"builtinType":"ALL","device":null,"fields":[{"row":[{"columnWidth":null,"id":"5681375"},{"columnWidth":null,"id":"5681383"},{"columnWidth":null,"id":"5681384"},{"columnWidth":null,"id":"5681421"},{"columnWidth":null,"id":"5681423"},{"columnWidth":null,"id":"5681424"},{"columnWidth":null,"id":"5681570"},{"columnWidth":null,"id":"5681576"},{"columnWidth":null,"id":"5681577"},{"columnWidth":null,"id":"5681578"},{"columnWidth":null,"id":"5681579"},{"columnWidth":null,"id":"5681580"},{"columnWidth":null,"id":"5681581"},{"columnWidth":null,"id":"5681676"}]}],"filter":{"category":null,"offset":null,"order":[],"q":null,"size":null,"sort":[]},"html":null,"keyFieldId":null,"name":"（全部）","pager":null,"revision":null,"titleFieldId":null,"view":"20","viewType":"LIST"}]},{"acl":{"app":[],"field":[],"record":[]},"app":null,"category":{"categories":[],"useCategory":"false"},"form":{"layout":"[{\"id\":null,\"type\":\"ROW\",\"isSubTable\":false,\"var\":null,\"label\":null,\"controlList\":[{\"isVirtical\":true,\"styleMap\":{\"width\":196},\"type\":\"SINGLE_SELECT\",\"var\":\"contractStatus\",\"label\":\"合同状态\"}]},{\"id\":null,\"type\":\"ROW\",\"isSubTable\":false,\"var\":null,\"label\":null,\"controlList\":[{\"isVirtical\":true,\"styleMap\":{\"width\":196},\"type\":\"SINGLE_SELECT\",\"var\":\"type\",\"label\":\"合同类型\"},{\"label\":\"\\u003Cdiv\\u003E\\u003Cspan style=\\\"background-color:rgb( 255 , 255 , 255 )\\\"\\u003E\\u003Cfont color=\\\"#ff0000\\\"\\u003E合同类型&#xff1a;\\u003C/font\\u003E\\u003C/span\\u003E\\u003C/div\\u003E\\u003Cdiv\\u003E\\u003Cspan style=\\\"background-color:rgb( 255 , 255 , 255 )\\\"\\u003E\\u003Cfont color=\\\"#ff0000\\\"\\u003E人事合同&#xff0c;对象为个人\\u003C/font\\u003E\\u003C/span\\u003E\\u003C/div\\u003E\\u003Cdiv\\u003E\\u003Cspan style=\\\"background-color:rgb( 255 , 255 , 255 )\\\"\\u003E\\u003Cfont color=\\\"#ff0000\\\"\\u003E对外合同&#xff0c;对象为公司\\u003C/font\\u003E\\u003C/span\\u003E\\u003C/div\\u003E\",\"styleMap\":{\"width\":310},\"formatted\":\"\\u003Cdiv\\u003E\\u003Cspan style=\\\"background-color:rgb( 255 , 255 , 255 )\\\"\\u003E\\u003Cfont color=\\\"#ff0000\\\"\\u003E合同类型：\\u003C/font\\u003E\\u003C/span\\u003E\\u003C/div\\u003E\\u003Cdiv\\u003E\\u003Cspan style=\\\"background-color:rgb( 255 , 255 , 255 )\\\"\\u003E\\u003Cfont color=\\\"#ff0000\\\"\\u003E人事合同，对象为个人\\u003C/font\\u003E\\u003C/span\\u003E\\u003C/div\\u003E\\u003Cdiv\\u003E\\u003Cspan style=\\\"background-color:rgb( 255 , 255 , 255 )\\\"\\u003E\\u003Cfont color=\\\"#ff0000\\\"\\u003E对外合同，对象为公司\\u003C/font\\u003E\\u003C/span\\u003E\\u003C/div\\u003E\",\"type\":\"LABEL\"}]},{\"id\":null,\"type\":\"ROW\",\"isSubTable\":false,\"var\":null,\"label\":null,\"controlList\":[{\"isVirtical\":true,\"styleMap\":{\"width\":789,\"height\":162,\"innerHeight\":125},\"type\":\"EDITOR\",\"var\":\"文本编辑框\",\"label\":\"合同内容\"}]},{\"id\":null,\"type\":\"ROW\",\"isSubTable\":false,\"var\":null,\"label\":null,\"controlList\":[{\"isVirtical\":true,\"styleMap\":{\"width\":207},\"type\":\"FILE\",\"var\":\"file\",\"label\":\"合同pdf\"}]},{\"id\":null,\"type\":\"ROW\",\"isSubTable\":false,\"var\":null,\"label\":null,\"controlList\":[{\"isVirtical\":true,\"styleMap\":{\"width\":246},\"type\":\"SINGLE_LINE_TEXT\",\"var\":\"InitiatorSearch\",\"label\":\"合同发起人检索\"},{\"isVirtical\":true,\"styleMap\":{\"width\":193},\"type\":\"SINGLE_LINE_TEXT\",\"var\":\"InitiatorId\",\"label\":\"合同发起人openCode\"},{\"isVirtical\":true,\"styleMap\":{\"width\":193},\"type\":\"SINGLE_LINE_TEXT\",\"var\":\"InitiatorName\",\"label\":\"合同发起人\"},{\"isVirtical\":true,\"styleMap\":{\"width\":193},\"type\":\"SINGLE_LINE_TEXT\",\"var\":\"InitiatorCompanyCode\",\"label\":\"企业openCode\"},{\"isVirtical\":true,\"styleMap\":{\"width\":193},\"type\":\"SINGLE_LINE_TEXT\",\"var\":\"InitiatorCompanyName\",\"label\":\"企业名称\"}]},{\"id\":null,\"type\":\"ROW\",\"isSubTable\":false,\"var\":null,\"label\":null,\"controlList\":[{\"isVirtical\":true,\"styleMap\":{\"width\":193},\"type\":\"SINGLE_LINE_TEXT\",\"var\":\"initiatorIdSignKey\",\"label\":\"签署关键字\"}]},{\"id\":null,\"type\":\"ROW\",\"isSubTable\":false,\"var\":null,\"label\":null,\"controlList\":[{\"styleMap\":{\"width\":850},\"type\":\"HR\"}]},{\"id\":\"5681517\",\"type\":\"SUBTABLE\",\"isSubTable\":true,\"var\":\"contractRelatedTable\",\"label\":\"合同关系表\",\"controlList\":[{\"isVirtical\":true,\"styleMap\":{\"width\":144},\"type\":\"SINGLE_LINE_TEXT\",\"var\":\"companySearch\",\"label\":\"企业搜索\"},{\"isVirtical\":true,\"styleMap\":{\"width\":138},\"type\":\"SINGLE_LINE_TEXT\",\"var\":\"companyOpenCode\",\"label\":\"企业openCode\"},{\"isVirtical\":true,\"styleMap\":{\"width\":82},\"type\":\"SINGLE_LINE_TEXT\",\"var\":\"companyName\",\"label\":\"企业名\"},{\"isVirtical\":true,\"styleMap\":{\"width\":163},\"type\":\"SINGLE_LINE_TEXT\",\"var\":\"entPersonOpenCode\",\"label\":\"企业用户opencode\"},{\"isVirtical\":true,\"styleMap\":{\"width\":110},\"type\":\"SINGLE_LINE_TEXT\",\"var\":\"companyUserName\",\"label\":\"企业用户名\"},{\"isVirtical\":true,\"styleMap\":{\"width\":144},\"type\":\"DECIMAL\",\"var\":\"personSearch\",\"label\":\"合同关系人\"},{\"isVirtical\":true,\"styleMap\":{\"width\":135},\"type\":\"SINGLE_LINE_TEXT\",\"var\":\"personOpenCode\",\"label\":\"用户opencode\"},{\"isVirtical\":true,\"styleMap\":{\"width\":84},\"type\":\"SINGLE_LINE_TEXT\",\"var\":\"username\",\"label\":\"用户名\"},{\"isVirtical\":true,\"styleMap\":{\"width\":110},\"type\":\"SINGLE_LINE_TEXT\",\"var\":\"signKey\",\"label\":\"签署关键字\"},{\"isVirtical\":true,\"styleMap\":{\"width\":315,\"height\":185,\"innerHeight\":125},\"type\":\"EDITOR\",\"var\":\"signUrl\",\"label\":\"签署链接\"},{\"isVirtical\":true,\"styleMap\":{\"width\":116},\"type\":\"SINGLE_SELECT\",\"var\":\"status\",\"label\":\"状态\"},{\"isVirtical\":true,\"styleMap\":{\"width\":150},\"type\":\"SINGLE_LINE_TEXT\",\"var\":\"transactionCode\",\"label\":\"transactionCode\"},{\"isVirtical\":true,\"styleMap\":{\"width\":96},\"type\":\"SINGLE_LINE_TEXT\",\"var\":\"resultDesc\",\"label\":\"签署结果\"},{\"isVirtical\":true,\"styleMap\":{\"width\":124},\"type\":\"SINGLE_LINE_TEXT\",\"var\":\"messageSendResult\",\"label\":\"短信发送状态\"},{\"isVirtical\":true,\"styleMap\":{\"width\":315,\"height\":185,\"innerHeight\":125},\"type\":\"EDITOR\",\"var\":\"downloadUrl\",\"label\":\"下载链接\"},{\"isVirtical\":true,\"styleMap\":{\"width\":315,\"height\":185,\"innerHeight\":125},\"type\":\"EDITOR\",\"var\":\"viewPdfUrl\",\"label\":\"查看链接\"}]},{\"id\":null,\"type\":\"ROW\",\"isSubTable\":false,\"var\":null,\"label\":null,\"controlList\":[{\"isVirtical\":true,\"styleMap\":{\"width\":653,\"height\":260,\"innerHeight\":223},\"type\":\"MULTIPLE_LINE_TEXT\",\"var\":\"多行文本框\",\"label\":\"说明\"}]},{\"id\":null,\"type\":\"ROW\",\"isSubTable\":false,\"var\":null,\"label\":null,\"controlList\":[{\"isVirtical\":true,\"styleMap\":{},\"canvasData\":[{\"id\":null,\"type\":\"ROW\",\"isSubTable\":false,\"var\":null,\"label\":null,\"controlList\":[{\"isVirtical\":true,\"styleMap\":{\"width\":193},\"type\":\"SINGLE_LINE_TEXT\",\"var\":\"contractCode\",\"label\":\"合同code\"}]}],\"type\":\"GROUP\",\"var\":\"组合\",\"label\":\"电子牵信息\"}]}]","revision":null},"iconMeta":null,"info":{"automaticallyChooseTitleComponent":"true","code":null,"decimalPrecision":"16","decimalScale":"4","description":"\u003Cdiv\u003E\u003Cbr /\u003E\u003C/div\u003E","enableBulkDeletion":"false","enableRecordReuse":"true","fiscalYearStartMonth":"4","iconKey":"APP39","iconType":"PRESET","jsFiles":null,"jsScope":"ALL","name":"合同管理","roundingMode":"HALF_EVEN","theme":"PLAIN","titleComponentLocalId":null,"useComment":"true","useHistory":"true","useThumbnail":"true"},"jsFiles":[{"jsFileMetas":[{"internalName":null,"locationType":"URL","mime":null,"name":null,"url":"https://cdn.jsdelivr.net/npm/jquery@3.5.1/dist/jquery.slim.min.js"},{"internalName":null,"locationType":"URL","mime":null,"name":null,"url":"https://cdn.jsdelivr.net/npm/popper.js@1.16.0/dist/umd/popper.min.js"},{"internalName":null,"locationType":"URL","mime":null,"name":null,"url":"https://cdn.jsdelivr.net/npm/bootstrap@4.5.0/dist/js/bootstrap.min.js"},{"internalName":null,"locationType":"BLOB","mime":"text/javascript","name":"contract_management.js","url":null}],"jsType":"DESKTOP"},{"jsFileMetas":[{"internalName":null,"locationType":"URL","mime":null,"name":null,"url":"https://cdn.jsdelivr.net/npm/bootstrap@4.5.0/dist/css/bootstrap.min.css"}],"jsType":"DESKTOP_CSS"}],"notification":{"appNotifications":[{"events":["RECORD_COMMENT_ADDED"],"target":{"entityId":"5681389","entityType":"FIELD_ENTITY","includeSubs":"false"}},{"events":["RECORD_COMMENT_ADDED"],"target":{"entityId":"5681390","entityType":"FIELD_ENTITY","includeSubs":"false"}}],"recordNotifications":[],"reminderTimezone":null,"reminders":[],"useComment":"true","useReminder":"false"},"plugin":{"pluginIds":[]},"reports":[],"resource":{"tables":[{"rows":[{"fields":[],"objectId":"0","subObjectId":"-1"}],"type":"AppName"},{"rows":[{"fields":[],"objectId":"0","subObjectId":"-1"}],"type":"AppDescription"},{"rows":[{"fields":[],"objectId":"5681388","subObjectId":"-1"},{"fields":[],"objectId":"5681389","subObjectId":"-1"},{"fields":[],"objectId":"5681390","subObjectId":"-1"},{"fields":[],"objectId":"5681391","subObjectId":"-1"},{"fields":[],"objectId":"5681392","subObjectId":"-1"},{"fields":[],"objectId":"5681393","subObjectId":"-1"},{"fields":[],"objectId":"5681394","subObjectId":"-1"},{"fields":[],"objectId":"5681395","subObjectId":"-1"},{"fields":[],"objectId":"5681396","subObjectId":"-1"},{"fields":[],"objectId":"5681442","subObjectId":"-1"},{"fields":[],"objectId":"5681459","subObjectId":"-1"},{"fields":[],"objectId":"5681477","subObjectId":"-1"},{"fields":[],"objectId":"5681517","subObjectId":"-1"},{"fields":[],"objectId":"5681515","subObjectId":"-1"},{"fields":[],"objectId":"5681522","subObjectId":"-1"},{"fields":[],"objectId":"5681523","subObjectId":"-1"},{"fields":[],"objectId":"5681528","subObjectId":"-1"},{"fields":[],"objectId":"5681528","subObjectId":"5681526"},{"fields":[],"objectId":"5681528","subObjectId":"5681527"},{"fields":[],"objectId":"5681542","subObjectId":"-1"},{"fields":[],"objectId":"5681550","subObjectId":"-1"},{"fields":[],"objectId":"5681551","subObjectId":"-1"},{"fields":[],"objectId":"5681561","subObjectId":"-1"},{"fields":[],"objectId":"5681572","subObjectId":"-1"},{"fields":[],"objectId":"5681685","subObjectId":"-1"},{"fields":[],"objectId":"5681686","subObjectId":"-1"},{"fields":[],"objectId":"5681687","subObjectId":"-1"},{"fields":[],"objectId":"5681688","subObjectId":"-1"},{"fields":[],"objectId":"5681689","subObjectId":"-1"},{"fields":[],"objectId":"5681697","subObjectId":"-1"},{"fields":[],"objectId":"5681729","subObjectId":"-1"},{"fields":[],"objectId":"5681519","subObjectId":"-1"},{"fields":[],"objectId":"5681555","subObjectId":"-1"},{"fields":[],"objectId":"5681555","subObjectId":"5681565"},{"fields":[],"objectId":"5681555","subObjectId":"5681552"},{"fields":[],"objectId":"5681555","subObjectId":"5681566"},{"fields":[],"objectId":"5681555","subObjectId":"5681553"},{"fields":[],"objectId":"5681555","subObjectId":"5681562"},{"fields":[],"objectId":"5681555","subObjectId":"5681554"},{"fields":[],"objectId":"5681559","subObjectId":"-1"},{"fields":[],"objectId":"5681666","subObjectId":"-1"},{"fields":[],"objectId":"5681666","subObjectId":"5681663"},{"fields":[],"objectId":"5681666","subObjectId":"5681664"},{"fields":[],"objectId":"5681692","subObjectId":"-1"},{"fields":[],"objectId":"5681693","subObjectId":"-1"},{"fields":[],"objectId":"5681694","subObjectId":"-1"},{"fields":[],"objectId":"5681731","subObjectId":"-1"}],"type":"FieldLabel"},{"rows":[{"fields":[],"objectId":"20","subObjectId":"-1"}],"type":"ViewName"},{"rows":[{"fields":[],"objectId":"5681448","subObjectId":"-1"},{"fields":[],"objectId":"5681449","subObjectId":"-1"},{"fields":[],"objectId":"5681450","subObjectId":"-1"},{"fields":[],"objectId":"5681451","subObjectId":"-1"},{"fields":[],"objectId":"5681452","subObjectId":"-1"}],"type":"StatusState"},{"rows":[{"fields":[],"objectId":"5681455","subObjectId":"-1"},{"fields":[],"objectId":"5681456","subObjectId":"-1"}],"type":"StatusAction"}]},"schema":{"groups":[{"childLocalId":"5681459","vtComponentLocalId":"5681403"}],"revision":null,"subTable":{"5681517":{"fieldList":{"5681515":{"id":"5681515","label":"用户名","properties":{"defaultValue":"","expression":"","hideExpression":"false","max":null,"min":null,"noLabel":"false","required":"false","unique":"false"},"type":"SINGLE_LINE_TEXT","var":"username"},"5681522":{"id":"5681522","label":"transactionCode","properties":{"defaultValue":"","expression":"","hideExpression":"false","max":null,"min":null,"noLabel":"false","required":"false","unique":"false"},"type":"SINGLE_LINE_TEXT","var":"transactionCode"},"5681523":{"id":"5681523","label":"签署结果","properties":{"defaultValue":"","expression":"","hideExpression":"false","max":null,"min":null,"noLabel":"false","required":"false","unique":"false"},"type":"SINGLE_LINE_TEXT","var":"resultDesc"},"5681528":{"id":"5681528","label":"状态","properties":{"defaultValue":"5681527","noLabel":"false","options":[{"id":"5681526","label":"已签","valid":true},{"id":"5681527","label":"未签","valid":true}],"required":"false"},"type":"SINGLE_SELECT","var":"status"},"5681542":{"id":"5681542","label":"签署链接","properties":{"defaultValue":"","noLabel":"false","required":"false"},"type":"EDITOR","var":"signUrl"},"5681550":{"id":"5681550","label":"下载链接","properties":{"defaultValue":"","noLabel":"false","required":"false"},"type":"EDITOR","var":"downloadUrl"},"5681551":{"id":"5681551","label":"查看链接","properties":{"defaultValue":"","noLabel":"false","required":"false"},"type":"EDITOR","var":"viewPdfUrl"},"5681561":{"id":"5681561","label":"签署关键字","properties":{"defaultValue":"盖章人","expression":"","hideExpression":"false","max":null,"min":null,"noLabel":"false","required":"false","unique":"false"},"type":"SINGLE_LINE_TEXT","var":"signKey"},"5681572":{"id":"5681572","label":"短信发送状态","properties":{"defaultValue":"0","expression":"","hideExpression":"false","max":null,"min":null,"noLabel":"false","required":"false","unique":"false"},"type":"SINGLE_LINE_TEXT","var":"messageSendResult"},"5681685":{"id":"5681685","label":"企业openCode","properties":{"defaultValue":"","expression":"","hideExpression":"false","max":null,"min":null,"noLabel":"false","required":"false","unique":"false"},"type":"SINGLE_LINE_TEXT","var":"companyOpenCode"},"5681686":{"id":"5681686","label":"企业名","properties":{"defaultValue":"","expression":"","hideExpression":"false","max":null,"min":null,"noLabel":"false","required":"false","unique":"false"},"type":"SINGLE_LINE_TEXT","var":"companyName"},"5681687":{"id":"5681687","label":"企业用户opencode","properties":{"defaultValue":"","expression":"","hideExpression":"false","max":null,"min":null,"noLabel":"false","required":"false","unique":"false"},"type":"SINGLE_LINE_TEXT","var":"entPersonOpenCode"},"5681688":{"id":"5681688","label":"企业用户名","properties":{"defaultValue":"","expression":"","hideExpression":"false","max":null,"min":null,"noLabel":"false","required":"false","unique":"false"},"type":"SINGLE_LINE_TEXT","var":"companyUserName"},"5681689":{"id":"5681689","label":"用户opencode","properties":{"defaultValue":"","expression":"","hideExpression":"false","max":null,"min":null,"noLabel":"false","required":"false","unique":"false"},"type":"SINGLE_LINE_TEXT","var":"personOpenCode"},"5681697":{"id":"5681697","label":"合同关系人","properties":{"defaultValue":null,"digit":"false","displayScale":null,"max":null,"min":null,"noLabel":"false","required":"false","roundingMode":null,"scale":null,"unique":"false","unit":null,"unitPosition":"BEFORE"},"type":"DECIMAL","var":"personSearch"},"5681729":{"id":"5681729","label":"企业搜索","properties":{"defaultValue":"","expression":"","hideExpression":"false","max":null,"min":null,"noLabel":"false","required":"false","unique":"false"},"type":"SINGLE_LINE_TEXT","var":"companySearch"}},"id":"5681517","label":"合同关系表","properties":{"noLabel":"false"},"type":"TABLE","var":"contractRelatedTable"}},"table":{"fieldList":{"5681388":{"id":"5681388","label":"记录编号","properties":{"noLabel":"false","required":"true"},"type":"RECORD_ID","var":"记录编号"},"5681389":{"id":"5681389","label":"更新人","properties":{"noLabel":"false","required":"true"},"type":"MODIFIER","var":"更新人"},"5681390":{"id":"5681390","label":"创建人","properties":{"noLabel":"false","required":"true"},"type":"CREATOR","var":"创建人"},"5681391":{"id":"5681391","label":"更新时间","properties":{"noLabel":"false","required":"true"},"type":"MODIFIED_AT","var":"更新时间"},"5681392":{"id":"5681392","label":"创建时间","properties":{"noLabel":"false","required":"true"},"type":"CREATED_AT","var":"创建时间"},"5681393":{"id":"5681393","label":"状态","properties":{"noLabel":"false","required":"false"},"type":"STATUS","var":"状态"},"5681394":{"id":"5681394","label":"执行者","properties":{"noLabel":"false","required":"false"},"type":"STATUS_ASSIGNEE","var":"执行者"},"5681395":{"id":"5681395","label":"类别","properties":{"noLabel":"false","required":"false"},"type":"CATEGORY","var":"类别"},"5681396":{"id":"5681396","label":"合同pdf","properties":{"noLabel":"false","required":"false","thumbnailSize":"150"},"type":"FILE","var":"file"},"5681403":{"id":"5681403","label":"电子牵信息","properties":{"noLabel":"false","open":"true","required":"false"},"type":"GROUP","var":"组合"},"5681442":{"id":"5681442","label":"合同发起人","properties":{"defaultValue":"","expression":"","hideExpression":"false","max":null,"min":null,"noLabel":"false","required":"false","unique":"false"},"type":"SINGLE_LINE_TEXT","var":"InitiatorName"},"5681459":{"id":"5681459","label":"合同code","properties":{"defaultValue":"","expression":"","hideExpression":"false","max":null,"min":null,"noLabel":"false","required":"false","unique":"false"},"type":"SINGLE_LINE_TEXT","var":"contractCode"},"5681477":{"id":"5681477","label":"合同内容","properties":{"defaultValue":"","noLabel":"false","required":"false"},"type":"EDITOR","var":"文本编辑框"},"5681519":{"id":"5681519","label":"说明","properties":{"defaultValue":"1 添加合同，合同关系人。\n2 发起签署\n3 自动生成transcode，并同步到合同关系表。\n4 删除合同关系人时，同时删除合同关系表里的合同关系人。\n5 签署完回调状态到合同关系表，同时通过合同关系表更新这个表格种的状态。\n6 当状态都是完成时，归档按钮可以使用。\n\n已考虑的点：\n· 手动添加了发起人到关系列表。会以手动的方式请求签名\n· 没有添加发起人的话，会以自动签的方式发起签名。\n· 重复点击发起时，还是以老的transcode发起，所以链接也不会变\n· 已签的人不会再次发起\n· 只有所有人都没有签署的情况下才能撤销时，会清空transcode\n· 撤销后，会清空transcode\n· 没有发起签署前可以重新上传附件","noLabel":"false","required":"false"},"type":"MULTIPLE_LINE_TEXT","var":"多行文本框"},"5681555":{"id":"5681555","label":"合同状态","properties":{"defaultValue":"5681565","noLabel":"false","options":[{"id":"5681565","label":"未上传","valid":true},{"id":"5681552","label":"已上传","valid":true},{"id":"5681566","label":"已发起签署","valid":true},{"id":"5681553","label":"签署中","valid":true},{"id":"5681562","label":"已撤销","valid":true},{"id":"5681554","label":"已归档","valid":true}],"required":"false"},"type":"SINGLE_SELECT","var":"contractStatus"},"5681559":{"id":"5681559","label":"签署关键字","properties":{"defaultValue":"以上","expression":"","hideExpression":"false","max":null,"min":null,"noLabel":"false","required":"false","unique":"false"},"type":"SINGLE_LINE_TEXT","var":"initiatorIdSignKey"},"5681666":{"id":"5681666","label":"合同类型","properties":{"defaultValue":"5681663","noLabel":"false","options":[{"id":"5681663","label":"人事合同","valid":true},{"id":"5681664","label":"对外合同","valid":true}],"required":"false"},"type":"SINGLE_SELECT","var":"type"},"5681692":{"id":"5681692","label":"企业openCode","properties":{"defaultValue":"","expression":"","hideExpression":"false","max":null,"min":null,"noLabel":"false","required":"false","unique":"false"},"type":"SINGLE_LINE_TEXT","var":"InitiatorCompanyCode"},"5681693":{"id":"5681693","label":"合同发起人openCode","properties":{"defaultValue":"","expression":"","hideExpression":"false","max":null,"min":null,"noLabel":"false","required":"false","unique":"false"},"type":"SINGLE_LINE_TEXT","var":"InitiatorId"},"5681694":{"id":"5681694","label":"企业名称","properties":{"defaultValue":"","expression":"","hideExpression":"false","max":null,"min":null,"noLabel":"false","required":"false","unique":"false"},"type":"SINGLE_LINE_TEXT","var":"InitiatorCompanyName"},"5681731":{"id":"5681731","label":"合同发起人检索","properties":{"defaultValue":"","expression":"","hideExpression":"false","max":null,"min":null,"noLabel":"false","required":"false","unique":"false"},"type":"SINGLE_LINE_TEXT","var":"InitiatorSearch"}},"id":"1","label":"__ROOT__","properties":{"noLabel":"true"},"type":"TABLE","var":"__ROOT__"}},"status":{"actions":[{"app":null,"assignees":[],"filter":"5681453","from":"5681448","fromLabel":null,"id":"5681455","label":"开始处理","record":null,"revision":null,"to":"5681449","toApprovalType":null,"toLabel":null},{"app":null,"assignees":[],"filter":"5681454","from":"5681449","fromLabel":null,"id":"5681456","label":"签署","record":null,"revision":null,"to":"5681450","toApprovalType":null,"toLabel":null}],"filters":[{"condition":"","id":"5681453","state":"5681448"},{"condition":"","id":"5681454","state":"5681449"}],"initialStateId":"5681448","states":[{"approvalType":"ONE","assignees":[],"id":"5681448","initial":true,"label":"未处理","valid":true},{"approvalType":"ONE","assignees":[],"id":"5681449","initial":false,"label":"上传合同","valid":true},{"approvalType":"ONE","assignees":[],"id":"5681450","initial":false,"label":"签署","valid":true},{"approvalType":"ONE","assignees":[],"id":"5681451","initial":false,"label":"发起相关人签署","valid":true},{"approvalType":"ONE","assignees":[],"id":"5681452","initial":false,"label":"归档","valid":true}],"useStatus":"false"},"uuid":"5016dc42-0a22-4aaa-8df1-dc9fa74e3a8d","views":[{"advancedMode":null,"builtinType":"ALL","device":null,"fields":[{"row":[{"columnWidth":null,"id":"5681388"},{"columnWidth":null,"id":"5681396"},{"columnWidth":null,"id":"5681442"},{"columnWidth":null,"id":"5681459"},{"columnWidth":null,"id":"5681477"},{"columnWidth":null,"id":"5681519"},{"columnWidth":null,"id":"5681555"},{"columnWidth":null,"id":"5681559"},{"columnWidth":null,"id":"5681666"},{"columnWidth":null,"id":"5681692"},{"columnWidth":null,"id":"5681693"},{"columnWidth":null,"id":"5681694"},{"columnWidth":null,"id":"5681731"}]}],"filter":{"category":null,"offset":null,"order":[],"q":null,"size":null,"sort":[]},"html":null,"keyFieldId":null,"name":"（全部）","pager":null,"revision":null,"titleFieldId":null,"view":"20","viewType":"LIST"}]},{"acl":{"app":[],"field":[],"record":[]},"app":null,"category":{"categories":[],"useCategory":"false"},"form":{"layout":"[{\"id\":null,\"type\":\"ROW\",\"isSubTable\":false,\"var\":null,\"label\":null,\"controlList\":[{\"isVirtical\":true,\"styleMap\":{\"width\":193},\"type\":\"SINGLE_LINE_TEXT\",\"var\":\"userId\",\"label\":\"用户id\"}]},{\"id\":null,\"type\":\"ROW\",\"isSubTable\":false,\"var\":null,\"label\":null,\"controlList\":[{\"isVirtical\":true,\"styleMap\":{\"width\":193},\"type\":\"SINGLE_LINE_TEXT\",\"var\":\"name\",\"label\":\"用户名\"}]},{\"id\":null,\"type\":\"ROW\",\"isSubTable\":false,\"var\":null,\"label\":null,\"controlList\":[{\"isVirtical\":true,\"styleMap\":{\"width\":193},\"type\":\"SINGLE_LINE_TEXT\",\"var\":\"mobile\",\"label\":\"手机\"}]},{\"id\":null,\"type\":\"ROW\",\"isSubTable\":false,\"var\":null,\"label\":null,\"controlList\":[{\"isVirtical\":true,\"styleMap\":{\"width\":193},\"type\":\"SINGLE_LINE_TEXT\",\"var\":\"email\",\"label\":\"email\"}]},{\"id\":null,\"type\":\"ROW\",\"isSubTable\":false,\"var\":null,\"label\":null,\"controlList\":[{\"isVirtical\":true,\"styleMap\":{\"width\":196},\"type\":\"SINGLE_SELECT\",\"var\":\"type\",\"label\":\"类别\"}]},{\"id\":null,\"type\":\"ROW\",\"isSubTable\":false,\"var\":null,\"label\":null,\"controlList\":[{\"isVirtical\":true,\"styleMap\":{},\"canvasData\":[{\"id\":null,\"type\":\"ROW\",\"isSubTable\":false,\"var\":null,\"label\":null,\"controlList\":[{\"isVirtical\":true,\"styleMap\":{\"width\":193},\"type\":\"SINGLE_LINE_TEXT\",\"var\":\"url\",\"label\":\"认证url\"},{\"isVirtical\":true,\"styleMap\":{\"width\":193},\"type\":\"SINGLE_LINE_TEXT\",\"var\":\"refCode\",\"label\":\"refCode\"},{\"isVirtical\":true,\"styleMap\":{\"width\":193},\"type\":\"SINGLE_LINE_TEXT\",\"var\":\"certStatus\",\"label\":\"认证状态\"}]}],\"type\":\"GROUP\",\"var\":\"组合\",\"label\":\"电子牵认证信息\"}]}]","revision":null},"iconMeta":null,"info":{"automaticallyChooseTitleComponent":"true","code":null,"decimalPrecision":"16","decimalScale":"4","description":"\u003Cdiv\u003E\u003Cbr /\u003E\u003C/div\u003E","enableBulkDeletion":"false","enableRecordReuse":"true","fiscalYearStartMonth":"4","iconKey":"APP39","iconType":"PRESET","jsFiles":null,"jsScope":"ALL","name":"员工管理","roundingMode":"HALF_EVEN","theme":"PLAIN","titleComponentLocalId":null,"useComment":"true","useHistory":"true","useThumbnail":"true"},"jsFiles":[{"jsFileMetas":[{"internalName":null,"locationType":"URL","mime":null,"name":null,"url":"https://cdn.jsdelivr.net/npm/jquery@3.5.1/dist/jquery.slim.min.js"},{"internalName":null,"locationType":"URL","mime":null,"name":null,"url":"https://cdn.jsdelivr.net/npm/popper.js@1.16.0/dist/umd/popper.min.js"},{"internalName":null,"locationType":"URL","mime":null,"name":null,"url":"https://cdn.jsdelivr.net/npm/bootstrap@4.5.0/dist/js/bootstrap.min.js"},{"internalName":null,"locationType":"BLOB","mime":"text/javascript","name":"getcerturl.js","url":null}],"jsType":"DESKTOP"},{"jsFileMetas":[{"internalName":null,"locationType":"URL","mime":null,"name":null,"url":"https://cdn.jsdelivr.net/npm/bootstrap@4.5.0/dist/css/bootstrap.min.css"}],"jsType":"DESKTOP_CSS"}],"notification":{"appNotifications":[{"events":["RECORD_COMMENT_ADDED"],"target":{"entityId":"5681376","entityType":"FIELD_ENTITY","includeSubs":"false"}},{"events":["RECORD_COMMENT_ADDED"],"target":{"entityId":"5681377","entityType":"FIELD_ENTITY","includeSubs":"false"}}],"recordNotifications":[],"reminderTimezone":null,"reminders":[],"useComment":"true","useReminder":"false"},"plugin":{"pluginIds":[]},"reports":[],"resource":{"tables":[{"rows":[{"fields":[],"objectId":"0","subObjectId":"-1"}],"type":"AppName"},{"rows":[{"fields":[],"objectId":"0","subObjectId":"-1"}],"type":"AppDescription"},{"rows":[{"fields":[],"objectId":"5681375","subObjectId":"-1"},{"fields":[],"objectId":"5681376","subObjectId":"-1"},{"fields":[],"objectId":"5681377","subObjectId":"-1"},{"fields":[],"objectId":"5681378","subObjectId":"-1"},{"fields":[],"objectId":"5681379","subObjectId":"-1"},{"fields":[],"objectId":"5681380","subObjectId":"-1"},{"fields":[],"objectId":"5681381","subObjectId":"-1"},{"fields":[],"objectId":"5681382","subObjectId":"-1"},{"fields":[],"objectId":"5681383","subObjectId":"-1"},{"fields":[],"objectId":"5681384","subObjectId":"-1"},{"fields":[],"objectId":"5681386","subObjectId":"-1"},{"fields":[],"objectId":"5681421","subObjectId":"-1"},{"fields":[],"objectId":"5681423","subObjectId":"-1"},{"fields":[],"objectId":"5681424","subObjectId":"-1"},{"fields":[],"objectId":"5681437","subObjectId":"-1"},{"fields":[],"objectId":"5681437","subObjectId":"5681436"},{"fields":[],"objectId":"5681437","subObjectId":"5681434"},{"fields":[],"objectId":"5681437","subObjectId":"5681435"},{"fields":[],"objectId":"5681706","subObjectId":"-1"}],"type":"FieldLabel"},{"rows":[{"fields":[],"objectId":"20","subObjectId":"-1"}],"type":"ViewName"}]},"schema":{"groups":[{"childLocalId":"5681386","vtComponentLocalId":"5681438"},{"childLocalId":"5681423","vtComponentLocalId":"5681438"},{"childLocalId":"5681424","vtComponentLocalId":"5681438"}],"revision":null,"subTable":{},"table":{"fieldList":{"5681375":{"id":"5681375","label":"记录编号","properties":{"noLabel":"false","required":"true"},"type":"RECORD_ID","var":"recordId"},"5681376":{"id":"5681376","label":"更新人","properties":{"noLabel":"false","required":"true"},"type":"MODIFIER","var":"更新人"},"5681377":{"id":"5681377","label":"创建人","properties":{"noLabel":"false","required":"true"},"type":"CREATOR","var":"创建人"},"5681378":{"id":"5681378","label":"更新时间","properties":{"noLabel":"false","required":"true"},"type":"MODIFIED_AT","var":"更新时间"},"5681379":{"id":"5681379","label":"创建时间","properties":{"noLabel":"false","required":"true"},"type":"CREATED_AT","var":"创建时间"},"5681380":{"id":"5681380","label":"状态","properties":{"noLabel":"false","required":"false"},"type":"STATUS","var":"状态"},"5681381":{"id":"5681381","label":"执行者","properties":{"noLabel":"false","required":"false"},"type":"STATUS_ASSIGNEE","var":"执行者"},"5681382":{"id":"5681382","label":"类别","properties":{"noLabel":"false","required":"false"},"type":"CATEGORY","var":"类别"},"5681383":{"id":"5681383","label":"用户名","properties":{"defaultValue":"","expression":"","hideExpression":"false","max":null,"min":null,"noLabel":"false","required":"true","unique":"false"},"type":"SINGLE_LINE_TEXT","var":"name"},"5681384":{"id":"5681384","label":"用户id","properties":{"defaultValue":"","expression":"","hideExpression":"false","max":"64","min":null,"noLabel":"false","required":"true","unique":"true"},"type":"SINGLE_LINE_TEXT","var":"userId"},"5681386":{"id":"5681386","label":"认证状态","properties":{"defaultValue":"0","expression":"","hideExpression":"false","max":null,"min":null,"noLabel":"false","required":"false","unique":"false"},"type":"SINGLE_LINE_TEXT","var":"certStatus"},"5681421":{"id":"5681421","label":"手机","properties":{"defaultValue":"","expression":"","hideExpression":"false","max":null,"min":null,"noLabel":"false","required":"true","unique":"false"},"type":"SINGLE_LINE_TEXT","var":"mobile"},"5681423":{"id":"5681423","label":"认证url","properties":{"defaultValue":"","expression":"","hideExpression":"false","max":null,"min":null,"noLabel":"false","required":"false","unique":"false"},"type":"SINGLE_LINE_TEXT","var":"url"},"5681424":{"id":"5681424","label":"refCode","properties":{"defaultValue":"","expression":"","hideExpression":"false","max":"64","min":null,"noLabel":"false","required":"false","unique":"true"},"type":"SINGLE_LINE_TEXT","var":"refCode"},"5681437":{"id":"5681437","label":"类别","properties":{"defaultValue":"5681436","noLabel":"false","options":[{"id":"5681436","label":"员工","valid":true},{"id":"5681434","label":"企业代理人","valid":true},{"id":"5681435","label":"企业法人","valid":true}],"required":"false"},"type":"SINGLE_SELECT","var":"type"},"5681438":{"id":"5681438","label":"电子牵认证信息","properties":{"noLabel":"false","open":"true","required":"false"},"type":"GROUP","var":"组合"},"5681706":{"id":"5681706","label":"email","properties":{"defaultValue":"","expression":"","hideExpression":"false","max":null,"min":null,"noLabel":"false","required":"true","unique":"false"},"type":"SINGLE_LINE_TEXT","var":"email"}},"id":"1","label":"__ROOT__","properties":{"noLabel":"true"},"type":"TABLE","var":"__ROOT__"}},"status":{"actions":[],"filters":[],"initialStateId":null,"states":[],"useStatus":"false"},"uuid":"ff70b2ae-513a-468d-a386-91432f923606","views":[{"advancedMode":null,"builtinType":"ALL","device":null,"fields":[{"row":[{"columnWidth":null,"id":"5681375"},{"columnWidth":null,"id":"5681383"},{"columnWidth":null,"id":"5681384"},{"columnWidth":null,"id":"5681386"},{"columnWidth":null,"id":"5681421"},{"columnWidth":null,"id":"5681423"},{"columnWidth":null,"id":"5681424"},{"columnWidth":null,"id":"5681437"},{"columnWidth":null,"id":"5681706"}]}],"filter":{"category":null,"offset":null,"order":[],"q":null,"size":null,"sort":[]},"html":null,"keyFieldId":null,"name":"（全部）","pager":null,"revision":null,"titleFieldId":null,"view":"20","viewType":"LIST"}]}],"description":"","iconKey":"APP39","iconMeta":null,"iconSrcAppId":"0dccc3d1-21bb-447f-98ee-101eb7b12477","iconType":"PRESET","imagesMeta":[],"lookups":[{"actingAppId":"5016dc42-0a22-4aaa-8df1-dc9fa74e3a8d","fieldMappings":[{"fieldId":"5681515","targetFieldId":"5681383"},{"fieldId":"5681689","targetFieldId":"5681384"}],"keyMapping":{"fieldId":"5681697","targetFieldId":"5681375"},"listFields":["5681383"],"query":{"category":null,"offset":null,"order":["desc"],"q":"order by f5681375 desc","size":null,"sort":["f5681375"]},"targetAppId":"ff70b2ae-513a-468d-a386-91432f923606"},{"actingAppId":"5016dc42-0a22-4aaa-8df1-dc9fa74e3a8d","fieldMappings":[{"fieldId":"5681685","targetFieldId":"5681576"},{"fieldId":"5681686","targetFieldId":"5681383"},{"fieldId":"5681687","targetFieldId":"5681384"},{"fieldId":"5681688","targetFieldId":"5681676"}],"keyMapping":{"fieldId":"5681729","targetFieldId":"5681576"},"listFields":["5681383","5681676"],"query":{"category":null,"offset":null,"order":["desc"],"q":"order by f5681375 desc","size":null,"sort":["f5681375"]},"targetAppId":"0dccc3d1-21bb-447f-98ee-101eb7b12477"},{"actingAppId":"5016dc42-0a22-4aaa-8df1-dc9fa74e3a8d","fieldMappings":[{"fieldId":"5681442","targetFieldId":"5681676"},{"fieldId":"5681692","targetFieldId":"5681576"},{"fieldId":"5681693","targetFieldId":"5681384"},{"fieldId":"5681694","targetFieldId":"5681383"}],"keyMapping":{"fieldId":"5681731","targetFieldId":"5681576"},"listFields":["5681383","5681676"],"query":{"category":null,"offset":null,"order":["desc"],"q":"order by f5681375 desc","size":null,"sort":["f5681375"]},"targetAppId":"0dccc3d1-21bb-447f-98ee-101eb7b12477"}],"name":"电子牵","references":[],"version":"33"}